[
  {
    "Id": "89346b03-84e5-4de5-ae55-cd1081acc55c",
    "Name": "213123",
    "Address": "3323",
    "Email": "3",
    "PhoneNumber": 2322,
    "PostalCode": 23,
    "City": "3"
  },
  {
    "Id": "c4bf0d6b-a7a6-48c7-a03a-caadc89b1815",
    "Name": "Daniel blomst",
    "Address": "Sallingvej",
    "Email": "Dni",
    "PhoneNumber": 29023323,
    "PostalCode": 123123,
    "City": "Vanl\u00F8se"
  },
  {
    "Id": "2dd6bcb8-244c-49d5-91aa-4580dd762ef7",
    "Name": "Alex",
    "Address": "awdawdawdawdadadawdadadwad",
    "Email": "dwadawdawdawawdwadadawdawdawdawdaw",
    "PhoneNumber": 0,
    "PostalCode": 1233,
    "City": "dawdwadadwdawdaw"
  },
  {
    "Id": "9e9f0ec1-4718-469d-995c-1d5487b3c62c",
    "Name": "Daniel Kargaard R\u00F8rlund",
    "Address": "Salling",
    "Email": "Daniel@hotmail.com",
    "PhoneNumber": 12312312,
    "PostalCode": 2720,
    "City": "vanl\u00F8se"
  },
  {
    "Id": "14f4c5a2-c16e-4079-9ef4-71865b224091",
    "Name": "Valdemar",
    "Address": "TestVej",
    "Email": "test",
    "PhoneNumber": 12345678,
    "PostalCode": 8000,
    "City": "AA"
  }
]