[
  {
    "CaseNumber": "8888",
    "ProjectAddress": null,
    "Deadline": "2025-05-10T21:34:57.5313523+02:00",
    "EstimatedPrice": 0,
    "Scope": 0,
    "CustomerName": "Alex",
    "Status": "Done",
    "LastModified": "2025-05-09T14:35:29.7613435+02:00",
    "Price": 0
  },
  {
    "CaseNumber": "1234",
    "ProjectAddress": null,
    "Deadline": "2025-05-13T14:35:29.7609625+02:00",
    "EstimatedPrice": 0,
    "Scope": 0,
    "CustomerName": "Valdemar",
    "Status": "WIP",
    "LastModified": "2025-05-13T14:35:29.7613435+02:00",
    "Price": 0
  }
]