[
  {
    "CaseNumber": "8888",
    "ProjectAddress": null,
    "Deadline": "2025-05-10T21:34:57.5313523+02:00",
    "EstimatedPrice": 0,
    "Scope": 0,
    "CustomerName": "Alex Holmbo",
    "Status": "Done",
    "LastModified": "2025-05-09T14:35:29.7613435+02:00",
    "Price": 0,
    "OfferSent": "0001-01-01T00:00:00",
    "OfferApproved": "0001-01-01T00:00:00",
    "Paid": "0001-01-01T00:00:00",
    "estimatedPrice": 0,
    "Services": null
  },
  {
    "CaseNumber": "2022_02_01",
    "ProjectAddress": null,
    "Deadline": "2025-05-13T14:35:29.7609625+02:00",
    "EstimatedPrice": 0,
    "Scope": 0,
    "CustomerName": "Valdemar Carlsson",
    "Status": "Igangv\u00E6rende",
    "LastModified": "2025-05-13T14:35:29.7613435+02:00",
    "Price": 0,
    "OfferSent": "0001-01-01T00:00:00",
    "OfferApproved": "0001-01-01T00:00:00",
    "Paid": "0001-01-01T00:00:00",
    "estimatedPrice": 0,
    "Services": null
  },
  {
    "CaseNumber": "240396_01_01",
    "ProjectAddress": "Niels Steensens Vej 11, 5200",
    "Deadline": "2025-05-15T00:00:00+02:00",
    "EstimatedPrice": 3000,
    "Scope": 3,
    "CustomerName": null,
    "Status": null,
    "LastModified": "2025-05-15T14:08:25.0141389+02:00",
    "Price": 1500000,
    "OfferSent": "0001-01-01T00:00:00",
    "OfferApproved": "0001-01-01T00:00:00",
    "Paid": "0001-01-01T00:00:00",
    "estimatedPrice": 0,
    "Services": null
  },
  {
    "CaseNumber": "2022_01_01",
    "ProjectAddress": "Niels Vej 2",
    "Deadline": "2025-05-15T00:00:00+02:00",
    "EstimatedPrice": 4500,
    "Scope": 3,
    "CustomerName": null,
    "Status": null,
    "LastModified": "2025-05-15T14:22:13.6032953+02:00",
    "Price": 1000,
    "OfferSent": "0001-01-01T00:00:00",
    "OfferApproved": "0001-01-01T00:00:00",
    "Paid": "0001-01-01T00:00:00",
    "estimatedPrice": 0,
    "Services": null
  },
  {
    "CaseNumber": "2204_01_01",
    "ProjectAddress": "niels vej 7",
    "Deadline": "2025-05-15T00:00:00+02:00",
    "EstimatedPrice": 3000,
    "Scope": 3,
    "CustomerName": null,
    "Status": null,
    "LastModified": "2025-05-15T14:26:25.3132149+02:00",
    "Price": 100000,
    "OfferSent": "0001-01-01T00:00:00",
    "OfferApproved": "0001-01-01T00:00:00",
    "Paid": "0001-01-01T00:00:00",
    "estimatedPrice": 0,
    "Services": null
  }
]