[
  {
    "Id": "6aa07304-65e9-4728-b680-a4b65c4ad2ad",
    "OfferSentInput": "",
    "CaseNumber": "1",
    "ProjectAddress": "1",
    "ProjectPostalCode": 1,
    "Deadline": null,
    "EstimatedPrice": 100,
    "Price": 0,
    "Scope": 1,
    "CustomerName": "213123",
    "Status": "Igang",
    "LastModified": "2025-05-22T04:32:14.1298634+02:00",
    "OfferSent": null,
    "OfferApproved": null,
    "Paid": null,
    "InvoiceNumber": null,
    "Services": [
      {
        "Id": 1,
        "Name": "Registrering",
        "Complexity": 1
      }
    ]
  },
  {
    "Id": "cc40fcff-1c51-4797-801a-dfcf97d579dc",
    "OfferSentInput": "",
    "CaseNumber": "1",
    "ProjectAddress": "1",
    "ProjectPostalCode": 1,
    "Deadline": null,
    "EstimatedPrice": 0,
    "Price": 0,
    "Scope": 1,
    "CustomerName": "213123",
    "Status": null,
    "LastModified": "2025-05-22T04:33:05.4025215+02:00",
    "OfferSent": null,
    "OfferApproved": null,
    "Paid": null,
    "InvoiceNumber": null,
    "Services": []
  },
  {
    "Id": "ebe669cf-3df0-45cf-bb32-ab076b813bee",
    "OfferSentInput": "",
    "CaseNumber": "1",
    "ProjectAddress": "1",
    "ProjectPostalCode": 1,
    "Deadline": null,
    "EstimatedPrice": 100,
    "Price": 0,
    "Scope": 1,
    "CustomerName": "213123",
    "Status": "Afventer",
    "LastModified": "2025-05-22T04:36:18.7221647+02:00",
    "OfferSent": null,
    "OfferApproved": null,
    "Paid": null,
    "InvoiceNumber": null,
    "Services": [
      {
        "Id": 1,
        "Name": "Registrering",
        "Complexity": 1
      }
    ]
  },
  {
    "Id": "69f638ea-9e98-4ffd-b64f-ea9a1f2b3334",
    "OfferSentInput": "",
    "CaseNumber": null,
    "ProjectAddress": null,
    "ProjectPostalCode": null,
    "Deadline": null,
    "EstimatedPrice": 0,
    "Price": 0,
    "Scope": 0,
    "CustomerName": "AlexTest",
    "Status": null,
    "LastModified": "2025-05-22T04:40:03.9170766+02:00",
    "OfferSent": null,
    "OfferApproved": null,
    "Paid": null,
    "InvoiceNumber": null,
    "Services": []
  },
  {
    "Id": "b7278a96-26f2-43ce-817c-12c3638adc4d",
    "OfferSentInput": "",
    "CaseNumber": null,
    "ProjectAddress": null,
    "ProjectPostalCode": null,
    "Deadline": null,
    "EstimatedPrice": 0,
    "Price": 0,
    "Scope": 0,
    "CustomerName": "AlexTest",
    "Status": null,
    "LastModified": "2025-05-22T04:42:47.7621393+02:00",
    "OfferSent": null,
    "OfferApproved": null,
    "Paid": null,
    "InvoiceNumber": null,
    "Services": []
  },
  {
    "Id": "7b26fe3d-5233-4cb0-84d2-cbda5491cdf4",
    "OfferSentInput": "24/03/96",
    "CaseNumber": "123456",
    "ProjectAddress": "123456",
    "ProjectPostalCode": 5200,
    "Deadline": "1996-03-24",
    "EstimatedPrice": 0,
    "Price": 150,
    "Scope": 3,
    "CustomerName": "Alex",
    "Status": "F\u00E6rdig",
    "LastModified": "2025-05-23T15:51:05.4715113+02:00",
    "OfferSent": "1996-03-24",
    "OfferApproved": "1996-03-24",
    "Paid": "1996-03-24",
    "InvoiceNumber": null,
    "Services": [
      {
        "Id": 10,
        "Name": " ",
        "Complexity": 0
      },
      {
        "Id": 0,
        "Name": null,
        "Complexity": 0
      },
      {
        "Id": 0,
        "Name": null,
        "Complexity": 0
      },
      {
        "Id": 0,
        "Name": null,
        "Complexity": 0
      },
      {
        "Id": 0,
        "Name": null,
        "Complexity": 0
      },
      {
        "Id": 0,
        "Name": null,
        "Complexity": 0
      },
      {
        "Id": 0,
        "Name": null,
        "Complexity": 0
      },
      {
        "Id": 0,
        "Name": null,
        "Complexity": 0
      },
      {
        "Id": 0,
        "Name": null,
        "Complexity": 0
      },
      {
        "Id": 0,
        "Name": null,
        "Complexity": 0
      }
    ]
  },
  {
    "Id": "bb2902b5-f711-49a6-9ec2-6f33f69e5aa8",
    "OfferSentInput": "24/03/96",
    "CaseNumber": "123",
    "ProjectAddress": "123",
    "ProjectPostalCode": 5200,
    "Deadline": "1996-03-24",
    "EstimatedPrice": 900,
    "Price": 0,
    "Scope": 9,
    "CustomerName": "213123",
    "Status": null,
    "LastModified": "2025-05-22T04:45:14.7809432+02:00",
    "OfferSent": "1996-03-24",
    "OfferApproved": "1996-03-24",
    "Paid": "1996-03-24",
    "InvoiceNumber": null,
    "Services": [
      {
        "Id": 1,
        "Name": "Registrering",
        "Complexity": 1
      }
    ]
  },
  {
    "Id": "003861db-4035-4711-a8ef-b591de898efb",
    "OfferSentInput": "",
    "CaseNumber": null,
    "ProjectAddress": null,
    "ProjectPostalCode": null,
    "Deadline": null,
    "EstimatedPrice": 0,
    "Price": 0,
    "Scope": 0,
    "CustomerName": "Valdemar",
    "Status": "F\u00E6rdig",
    "LastModified": "2025-05-22T04:45:32.5996446+02:00",
    "OfferSent": null,
    "OfferApproved": null,
    "Paid": null,
    "InvoiceNumber": null,
    "Services": [
      {
        "Id": 1,
        "Name": "Registrering",
        "Complexity": 0
      }
    ]
  },
  {
    "Id": "5a33f72b-9df4-4898-be9a-1a4b8baed919",
    "OfferSentInput": "24/03/96",
    "CaseNumber": "Test5",
    "ProjectAddress": "Vej5",
    "ProjectPostalCode": 5200,
    "Deadline": "1996-03-24",
    "EstimatedPrice": 100,
    "Price": 0,
    "Scope": 1,
    "CustomerName": "AlexTest",
    "Status": "Forsinket",
    "LastModified": "2025-05-22T04:46:49.9382942+02:00",
    "OfferSent": "1996-03-24",
    "OfferApproved": "1996-03-24",
    "Paid": "1996-03-24",
    "InvoiceNumber": null,
    "Services": [
      {
        "Id": 1,
        "Name": "Registrering",
        "Complexity": 1
      },
      {
        "Id": 0,
        "Name": null,
        "Complexity": 0
      },
      {
        "Id": 0,
        "Name": null,
        "Complexity": 0
      },
      {
        "Id": 0,
        "Name": null,
        "Complexity": 0
      },
      {
        "Id": 0,
        "Name": null,
        "Complexity": 0
      },
      {
        "Id": 0,
        "Name": null,
        "Complexity": 0
      },
      {
        "Id": 0,
        "Name": null,
        "Complexity": 0
      },
      {
        "Id": 0,
        "Name": null,
        "Complexity": 0
      },
      {
        "Id": 0,
        "Name": null,
        "Complexity": 0
      },
      {
        "Id": 0,
        "Name": null,
        "Complexity": 0
      }
    ]
  },
  {
    "Id": "7c9ea030-8c29-4e6c-aef6-3061e4980e75",
    "OfferSentInput": "",
    "CaseNumber": null,
    "ProjectAddress": null,
    "ProjectPostalCode": null,
    "Deadline": null,
    "EstimatedPrice": 0,
    "Price": 0,
    "Scope": 0,
    "CustomerName": "Valdemar",
    "Status": null,
    "LastModified": "2025-05-22T04:47:26.4747723+02:00",
    "OfferSent": null,
    "OfferApproved": null,
    "Paid": null,
    "InvoiceNumber": null,
    "Services": []
  },
  {
    "Id": "06b21691-277d-49c0-83d9-b1aaca8f33bc",
    "OfferSentInput": "",
    "CaseNumber": null,
    "ProjectAddress": null,
    "ProjectPostalCode": null,
    "Deadline": null,
    "EstimatedPrice": 0,
    "Price": 0,
    "Scope": 0,
    "CustomerName": "Alex",
    "Status": null,
    "LastModified": "2025-05-22T04:52:48.7056557+02:00",
    "OfferSent": null,
    "OfferApproved": null,
    "Paid": null,
    "InvoiceNumber": null,
    "Services": []
  },
  {
    "Id": "56eff122-bb53-4f9c-a43d-06aa04766dc2",
    "OfferSentInput": "",
    "CaseNumber": null,
    "ProjectAddress": null,
    "ProjectPostalCode": null,
    "Deadline": null,
    "EstimatedPrice": 0,
    "Price": 0,
    "Scope": 0,
    "CustomerName": "Daniel Kargaard R\u00F8rlund",
    "Status": null,
    "LastModified": "2025-05-22T04:56:11.5634775+02:00",
    "OfferSent": null,
    "OfferApproved": null,
    "Paid": null,
    "InvoiceNumber": null,
    "Services": []
  },
  {
    "Id": "6c8017f6-8d65-49eb-844c-ddfa4cd06f0c",
    "OfferSentInput": "",
    "CaseNumber": null,
    "ProjectAddress": null,
    "ProjectPostalCode": null,
    "Deadline": null,
    "EstimatedPrice": 0,
    "Price": 0,
    "Scope": 0,
    "CustomerName": "Daniel Kargaard R\u00F8rlund",
    "Status": null,
    "LastModified": "2025-05-22T05:03:27.6072269+02:00",
    "OfferSent": null,
    "OfferApproved": null,
    "Paid": null,
    "InvoiceNumber": null,
    "Services": [
      {
        "Id": 6,
        "Name": "Beregning af Varmetransmissionstab",
        "Complexity": 0
      }
    ]
  },
  {
    "Id": "92bb2a4f-6fb2-4423-baae-9841f6f19fd2",
    "OfferSentInput": "09/03/97",
    "CaseNumber": "123123123",
    "ProjectAddress": null,
    "ProjectPostalCode": null,
    "Deadline": "1997-03-09",
    "EstimatedPrice": 0,
    "Price": 0,
    "Scope": 0,
    "CustomerName": "Daniel Kargaard R\u00F8rlund",
    "Status": null,
    "LastModified": "2025-05-23T15:47:10.0257636+02:00",
    "OfferSent": "1997-03-09",
    "OfferApproved": "1997-03-09",
    "Paid": null,
    "InvoiceNumber": 0,
    "Services": [
      {
        "Id": 0,
        "Name": null,
        "Complexity": 0
      },
      {
        "Id": 0,
        "Name": null,
        "Complexity": 0
      },
      {
        "Id": 0,
        "Name": null,
        "Complexity": 0
      },
      {
        "Id": 0,
        "Name": null,
        "Complexity": 0
      },
      {
        "Id": 0,
        "Name": null,
        "Complexity": 0
      },
      {
        "Id": 0,
        "Name": null,
        "Complexity": 0
      },
      {
        "Id": 0,
        "Name": null,
        "Complexity": 0
      },
      {
        "Id": 0,
        "Name": null,
        "Complexity": 0
      },
      {
        "Id": 0,
        "Name": null,
        "Complexity": 0
      },
      {
        "Id": 0,
        "Name": null,
        "Complexity": 0
      }
    ]
  },
  {
    "Id": "9aec4f21-3cf5-4e62-ad25-5565af7d1fce",
    "OfferSentInput": "09/03/97",
    "CaseNumber": "Test1231",
    "ProjectAddress": null,
    "ProjectPostalCode": null,
    "Deadline": "1997-03-09",
    "EstimatedPrice": 0,
    "Price": 0,
    "Scope": 0,
    "CustomerName": "Alex",
    "Status": null,
    "LastModified": "2025-05-23T14:11:02.6587962+02:00",
    "OfferSent": "1997-03-09",
    "OfferApproved": "1997-03-09",
    "Paid": null,
    "InvoiceNumber": 0,
    "Services": []
  },
  {
    "Id": "920c104d-5623-4313-8ec3-b8def5eef704",
    "OfferSentInput": "09/03/97",
    "CaseNumber": "Test sagsnummer",
    "ProjectAddress": null,
    "ProjectPostalCode": null,
    "Deadline": "1997-03-09",
    "EstimatedPrice": 0,
    "Price": 0,
    "Scope": 0,
    "CustomerName": "Alex",
    "Status": null,
    "LastModified": "2025-05-23T14:13:43.8634258+02:00",
    "OfferSent": "1997-03-09",
    "OfferApproved": "1997-03-09",
    "Paid": null,
    "InvoiceNumber": 98989,
    "Services": []
  },
  {
    "Id": "31fc1116-ed44-46fa-a08d-d3a5ecec03fc",
    "OfferSentInput": "09/03/97",
    "CaseNumber": "Test sagsnummer 2",
    "ProjectAddress": null,
    "ProjectPostalCode": null,
    "Deadline": "1997-03-09",
    "EstimatedPrice": 0,
    "Price": 0,
    "Scope": 0,
    "CustomerName": "AlexTest",
    "Status": null,
    "LastModified": "2025-05-23T14:14:42.6146912+02:00",
    "OfferSent": "1997-03-09",
    "OfferApproved": "1997-03-09",
    "Paid": null,
    "InvoiceNumber": 90397,
    "Services": []
  },
  {
    "Id": "165993d5-aca6-40a6-87bf-964f4dc6cf5b",
    "OfferSentInput": "09/03/97",
    "CaseNumber": "Test guid 1 ",
    "ProjectAddress": null,
    "ProjectPostalCode": null,
    "Deadline": "1997-03-09",
    "EstimatedPrice": 0,
    "Price": 0,
    "Scope": 0,
    "CustomerName": "Daniel Kargaard R\u00F8rlund",
    "Status": null,
    "LastModified": "2025-05-23T15:38:49.795335+02:00",
    "OfferSent": "1997-03-09",
    "OfferApproved": "1997-03-09",
    "Paid": null,
    "InvoiceNumber": 123,
    "Services": []
  },
  {
    "Id": "302a68c8-14a1-409d-a17e-b4ee184b5063",
    "OfferSentInput": "09/03/98",
    "CaseNumber": "Test guid 2",
    "ProjectAddress": "salling",
    "ProjectPostalCode": 2323,
    "Deadline": "1997-03-09",
    "EstimatedPrice": 0,
    "Price": 0,
    "Scope": 3,
    "CustomerName": "Alex Holmbo",
    "Status": "Igang",
    "LastModified": "2025-05-23T16:00:39.1397204+02:00",
    "OfferSent": "1998-03-09",
    "OfferApproved": "1997-03-09",
    "Paid": "2024-05-23",
    "InvoiceNumber": 1234567,
    "Services": [
      {
        "Id": 1,
        "Name": "Registrering",
        "Complexity": 3
      },
      {
        "Id": 0,
        "Name": null,
        "Complexity": 0
      },
      {
        "Id": 0,
        "Name": null,
        "Complexity": 0
      },
      {
        "Id": 0,
        "Name": null,
        "Complexity": 0
      },
      {
        "Id": 0,
        "Name": null,
        "Complexity": 0
      },
      {
        "Id": 0,
        "Name": null,
        "Complexity": 0
      },
      {
        "Id": 0,
        "Name": null,
        "Complexity": 0
      },
      {
        "Id": 0,
        "Name": null,
        "Complexity": 0
      },
      {
        "Id": 0,
        "Name": null,
        "Complexity": 0
      },
      {
        "Id": 0,
        "Name": null,
        "Complexity": 0
      }
    ]
  },
  {
    "Id": "36224a8c-58a3-406f-ade4-27e9ad8eaf29",
    "OfferSentInput": "09/03/97",
    "CaseNumber": "guid test 3",
    "ProjectAddress": null,
    "ProjectPostalCode": null,
    "Deadline": "1997-03-09",
    "EstimatedPrice": 0,
    "Price": 0,
    "Scope": 0,
    "CustomerName": "Daniel blomsten",
    "Status": null,
    "LastModified": "2025-05-23T16:01:11.7673465+02:00",
    "OfferSent": "1997-03-09",
    "OfferApproved": "1997-03-09",
    "Paid": null,
    "InvoiceNumber": 0,
    "Services": []
  },
  {
    "Id": "ecca171a-db90-47f3-b5fe-c8f46fddf326",
    "OfferSentInput": "09/03/97",
    "CaseNumber": "guid test 4",
    "ProjectAddress": null,
    "ProjectPostalCode": null,
    "Deadline": "1997-03-09",
    "EstimatedPrice": 0,
    "Price": 0,
    "Scope": 0,
    "CustomerName": "Alex Holmbo",
    "Status": null,
    "LastModified": "2025-05-23T16:01:55.8157323+02:00",
    "OfferSent": "1997-03-09",
    "OfferApproved": "1997-03-09",
    "Paid": null,
    "InvoiceNumber": 1998,
    "Services": [
      {
        "Id": 0,
        "Name": null,
        "Complexity": 0
      },
      {
        "Id": 0,
        "Name": null,
        "Complexity": 0
      },
      {
        "Id": 0,
        "Name": null,
        "Complexity": 0
      },
      {
        "Id": 0,
        "Name": null,
        "Complexity": 0
      },
      {
        "Id": 0,
        "Name": null,
        "Complexity": 0
      },
      {
        "Id": 0,
        "Name": null,
        "Complexity": 0
      },
      {
        "Id": 0,
        "Name": null,
        "Complexity": 0
      },
      {
        "Id": 0,
        "Name": null,
        "Complexity": 0
      },
      {
        "Id": 0,
        "Name": null,
        "Complexity": 0
      },
      {
        "Id": 0,
        "Name": null,
        "Complexity": 0
      }
    ]
  },
  {
    "Id": "9df91305-bdfa-4b49-a037-218c336a12c4",
    "OfferSentInput": "",
    "CaseNumber": "1234",
    "ProjectAddress": "123",
    "ProjectPostalCode": 123,
    "Deadline": "2025-12-03",
    "EstimatedPrice": 0,
    "Price": 11,
    "Scope": 1,
    "CustomerName": "Daniel blomsten",
    "Status": "Igang",
    "LastModified": "2025-05-23T16:27:19.3938472+02:00",
    "OfferSent": null,
    "OfferApproved": null,
    "Paid": null,
    "InvoiceNumber": 11,
    "Services": [
      {
        "Id": 0,
        "Name": null,
        "Complexity": 0
      },
      {
        "Id": 0,
        "Name": null,
        "Complexity": 0
      },
      {
        "Id": 0,
        "Name": null,
        "Complexity": 0
      },
      {
        "Id": 0,
        "Name": null,
        "Complexity": 0
      },
      {
        "Id": 0,
        "Name": null,
        "Complexity": 0
      },
      {
        "Id": 0,
        "Name": null,
        "Complexity": 0
      },
      {
        "Id": 0,
        "Name": null,
        "Complexity": 0
      },
      {
        "Id": 0,
        "Name": null,
        "Complexity": 0
      },
      {
        "Id": 0,
        "Name": null,
        "Complexity": 0
      },
      {
        "Id": 0,
        "Name": null,
        "Complexity": 0
      }
    ]
  },
  {
    "Id": "c834b315-3314-4131-829e-765a3ea42e29",
    "OfferSentInput": "12/01/01",
    "CaseNumber": "123",
    "ProjectAddress": "Niels",
    "ProjectPostalCode": 5200,
    "Deadline": "2001-01-12",
    "EstimatedPrice": 300,
    "Price": 0,
    "Scope": 3,
    "CustomerName": "Alex",
    "Status": "Forsinket",
    "LastModified": "2025-05-23T16:27:54.1035493+02:00",
    "OfferSent": "2001-01-12",
    "OfferApproved": "2001-01-12",
    "Paid": "2001-01-12",
    "InvoiceNumber": 0,
    "Services": [
      {
        "Id": 1,
        "Name": "Registrering",
        "Complexity": 1
      },
      {
        "Id": 0,
        "Name": null,
        "Complexity": 0
      },
      {
        "Id": 0,
        "Name": null,
        "Complexity": 0
      },
      {
        "Id": 0,
        "Name": null,
        "Complexity": 0
      },
      {
        "Id": 0,
        "Name": null,
        "Complexity": 0
      },
      {
        "Id": 0,
        "Name": null,
        "Complexity": 0
      },
      {
        "Id": 0,
        "Name": null,
        "Complexity": 0
      },
      {
        "Id": 0,
        "Name": null,
        "Complexity": 0
      },
      {
        "Id": 0,
        "Name": null,
        "Complexity": 0
      },
      {
        "Id": 0,
        "Name": null,
        "Complexity": 0
      }
    ]
  }
]